job_name,company_name,salary,work_area,city,education,work_year,issue_date,source,skill_requirements,tech_tags,job_url
规控算法,北京某大型新能源汽车公司,100-180K·24薪,北京,北京,本科,10年以上,,boss,汽车,汽车,https://www.zhipin.com/job_detail/6540da0b679ad7010nZ83NW5EVFU.html
具身智能方向招聘,荣耀,40-70K·16薪,北京·海淀区·西北旺,北京,本科,经验不限,,boss,大模型算法 规控算法 融合感知算法 C/C++ 具身智能 机器人 机械臂 灵巧手 机器人关节模组,大模型算法 规控算法 融合感知算法 C/C++ 具身智能 机器人 机械臂 灵巧手 机器人关节模组,https://www.zhipin.com/job_detail/71a18d9fed46b68503Zz2t--FVZT.html
规控算法,美团,40-50K·15薪,北京,北京,硕士,3-5年,,boss,飞控算法 无人机,飞控算法 无人机,https://www.zhipin.com/job_detail/552805791a8b2fab0nB-0tS6FlBV.html
规控算法,北京熠视科技有限公司,20-40K·14薪,北京·顺义区·南法信,北京,本科,经验不限,,boss,自动驾驶 c++ 规划控制,自动驾驶 c++ 规划控制,https://www.zhipin.com/job_detail/5e631880a3adad511HJ53tS9FlNS.html
算法工程师（移动机器人规控方向）,北京慧闻,12-24K·13薪,北京·朝阳区·高碑店,北京,本科,经验不限,,boss,C/C++ 规控算法,C/C++ 规控算法,https://www.zhipin.com/job_detail/cc1a918507f3b1460nJ429m5EVFT.html
规控算法,曹县星河计算机技术,450-500元/时,北京,北京,本科,1-3年,,boss,深度学习 机器学习 大模型算法 强化学习 规控算法 多模态算法 融合感知算法 模型加速/性能优化 C/C++ Python MATLAB 算法工程化经验 发表算法相关优秀论文 参加算法相关竞赛/获奖,深度学习 机器学习 大模型算法 强化学习 规控算法 多模态算法 融合感知算法 模型加速/性能优化 C/C++ Python MATLAB 算法工程化经验 发表算法相关优秀论文 参加算法相关竞赛/获奖,https://www.zhipin.com/job_detail/11ff890f613b1d240nV73ty4F1BX.html
规控算法,北京初见星河人工...,100-110K·13薪,北京·朝阳区·望京,北京,博士,5-10年,,boss,大模型算法 模型加速/性能优化 Python MATLAB 并行计算 大数据处理框架(Spark/Hadoop/Hive) 分布式训练 算法工程化经验 参加算法相关竞赛/获奖,大模型算法 模型加速/性能优化 Python MATLAB 并行计算 大数据处理框架(Spark/Hadoop/Hive) 分布式训练 算法工程化经验 参加算法相关竞赛/获奖,https://www.zhipin.com/job_detail/80b8e508042dfbb00nB93d-4E1RY.html
泊车规控算法,某大型知名智能硬件公司,45-65K·15薪,北京,北京,硕士,3-5年,,boss,apa 泊车 规控,apa 泊车 规控,https://www.zhipin.com/job_detail/0b437554571d52530nZ-3NS5FlVY.html
规控算法工程师（无人车）,北京某小型智慧空港数字化公司,25-50K,北京,北京,本科,3-5年,,boss,无人车 自动驾驶 路径规划算法 规控算法,无人车 自动驾驶 路径规划算法 规控算法,https://www.zhipin.com/job_detail/a370b84aec71ea0a0nJ70tW5FlZU.html
规控大模型算法工程师,某中型汽车研发/制造公司,55-85K·15薪,北京,北京,本科,5-10年,,boss,规控 行车 泊车 端到端 大模型 NOA,规控 行车 泊车 端到端 大模型 NOA,https://www.zhipin.com/job_detail/c2a1e1cfa7e62bcf0nB-39y9FlNZ.html
规控算法工程师-自动驾驶方向,某中型智能硬件公司,25-50K,北京,北京,本科,1-3年,,boss,自动驾驶 python C++ 规控算法 agent pytorch 规控,自动驾驶 python C++ 规控算法 agent pytorch 规控,https://www.zhipin.com/job_detail/eec20159724c0fb10nFz29y5E1JY.html
规控算法-北京/上海,上海某大型本地出行及生活服务平台公司,40-70K·15薪,北京,北京,本科,经验不限,,boss,规控 决策,规控 决策,https://www.zhipin.com/job_detail/a0a89cc0f6338d6d0nJ50tm-GFJS.html
规控算法工程师,北京某中型汽车研发/制造公司,30-60K·15薪,北京,北京,本科,经验不限,,boss,决策规划 动态规划 多智能体协作 障碍避碰,决策规划 动态规划 多智能体协作 障碍避碰,https://www.zhipin.com/job_detail/29dacf8a8f4b22cd0ndy39S4EFtX.html
资深算法工程师,京东集团,35-65K·20薪,北京,北京,本科,经验不限,,boss,深度学习 机器学习 大模型算法 强化学习 其他 规控算法 推荐算法 SLAM算法 多模态算法 融合感知算法 C/C++ Python 其他,深度学习 机器学习 大模型算法 强化学习 其他 规控算法 推荐算法 SLAM算法 多模态算法 融合感知算法 C/C++ Python 其他,https://www.zhipin.com/job_detail/52e2181e545b10101Hx82ti-EltU.html
规控算法工程师-无人驾驶,三一重工,30-60K·14薪,北京,北京,本科,3-5年,,boss,无人车路径 轨迹规划算法 自动驾驶,无人车路径 轨迹规划算法 自动驾驶,https://www.zhipin.com/job_detail/3f1f041327e89ddf0nFz3N29EVtW.html
规控算法,中国特检院,15-18K,北京·顺义区·仁和,北京,硕士,经验不限,,boss,强化学习 机器学习 规控算法 SLAM算法 融合感知算法 C/C++ Python 嵌入式开发,强化学习 机器学习 规控算法 SLAM算法 融合感知算法 C/C++ Python 嵌入式开发,https://www.zhipin.com/job_detail/963e52ee6c7269440nZz29q4FFFS.html
规控算法工程师,北京某小型智慧空港无人驾驶公司,30-60K,北京,北京,本科,3-5年,,boss,自动驾驶 决策 路径规划 轨迹 A* 横纵向 ROS,自动驾驶 决策 路径规划 轨迹 A* 横纵向 ROS,https://www.zhipin.com/job_detail/c0582310150d4f9b0nJ-2ti0ElRY.html
机器人规控算法工程师,经纬恒润,30-60K·15薪,北京·海淀区·学院路,北京,硕士,经验不限,,boss,规控算法 SLAM算法 MATLAB 路径规划,规控算法 SLAM算法 MATLAB 路径规划,https://www.zhipin.com/job_detail/ad8ffe0f96ccbcc80nF609q6EFtS.html
规控算法/算法负责人（头部机器人-直招）,北京某中型智能硬件公司,40-70K,北京,北京,本科,5-10年,,boss,工业AMR、工业机器人 A*、Dijkstra、RRT DWA、TEB、PID 纯追踪、MPC、LQR 商用/家用机器人 轮式具身机器人 ROS/ROS2、路径规划 动态避障、轨迹生成,工业AMR、工业机器人 A*、Dijkstra、RRT DWA、TEB、PID 纯追踪、MPC、LQR 商用/家用机器人 轮式具身机器人 ROS/ROS2、路径规划 动态避障、轨迹生成,https://www.zhipin.com/job_detail/6dad5e1386a601f50nJ50929FVVW.html
规控算法,华为技术有限公司,20-30K,北京·海淀区·西北旺,北京,本科,经验不限,,boss,C/C++ 搜索算法 机器学习 规控算法 深度学习 大模型算法 多模态算法 算法工程化经验 强化学习 Python,C/C++ 搜索算法 机器学习 规控算法 深度学习 大模型算法 多模态算法 算法工程化经验 强化学习 Python,https://www.zhipin.com/job_detail/cc6730e7853c4eb70nF_2tu7FlNU.html
规控算法（商用清洁机器人/扫地机器人）,京东物流,40-70K·19薪,北京·通州区·马驹桥,北京,硕士,5-10年,,boss,AGV AMR 商清 规划 避障,AGV AMR 商清 规划 避障,https://www.zhipin.com/job_detail/3544b924e47045860nB82ty4FlNT.html
自动驾驶交付-算法工程师（规控方向）,河北源海鸿锦,45-50K,北京·海淀区·中关村,北京,本科,5-10年,,boss,C/C++ 规控算法 Python,C/C++ 规控算法 Python,https://www.zhipin.com/job_detail/673fc5f681bf1bdd0nF92tm0E1ZR.html
规控算法工程师,INDEMIND,25-50K,北京,北京,本科,1-3年,,boss,规控算法 运动控制算法 导航算法 局部路径 全局规划 路径规划 避障算法,规控算法 运动控制算法 导航算法 局部路径 全局规划 路径规划 避障算法,https://www.zhipin.com/job_detail/71ffe3c6930afbd40nFz2du0GFpQ.html
规控算法实习生,长城汽车,300-350元/天,北京·海淀区·学院路,北京,硕士,,,boss,深度学习 机器学习 大模型算法 强化学习 规控算法 Python C/C++,深度学习 机器学习 大模型算法 强化学习 规控算法 Python C/C++,https://www.zhipin.com/job_detail/4c7f0408f75c9ecc0nV60t--FVJU.html
规控算法专家,理工雷科,30-60K,北京·海淀区·万柳,北京,本科,3-5年,,boss,规控算法 无人驾驶,规控算法 无人驾驶,https://www.zhipin.com/job_detail/0f55497bbd3dd3ae0nRz09-_FltX.html
智能驾驶规控算法工程师-专家,万联人工智能,50-80K,北京·朝阳区·天竺,北京,硕士,5-10年,,boss,"规控算法 MATLAB C/C++ Python 算法工程化经验 发表算法相关优秀论文 团队管理经验 MPC,LQR,车辆动力学","规控算法 MATLAB C/C++ Python 算法工程化经验 发表算法相关优秀论文 团队管理经验 MPC,LQR,车辆动力学",https://www.zhipin.com/job_detail/4c11a46852492a4a0nJ50t-4GFZU.html
机器人规控算法工程师,小米,25-40K·16薪,北京·海淀区·清河,北京,本科,3-5年,,boss,机器人,机器人,https://www.zhipin.com/job_detail/7b80c868fe2b009a1HJ_39q1EFtS.html
机器人规控算法工程师（工厂场景）,云迹科技,25-45K,北京·海淀区·学院路,北京,本科,5-10年,,boss,大模型算法 深度学习 机器学习 运筹优化算法 规控算法 C/C++ Python Java 分布式训练 算法工程化经验,大模型算法 深度学习 机器学习 运筹优化算法 规控算法 C/C++ Python Java 分布式训练 算法工程化经验,https://www.zhipin.com/job_detail/9e416ec8d0621c0303x92N-8FVJS.html
DLP规控算法评测工程师,小米科技,20-40K,北京·海淀区·清河,北京,硕士,3-5年,,boss,发表算法相关优秀论文 C/C++ 规控 规控算法 深度学习 算法工程化经验 DLP 端到端 Python,发表算法相关优秀论文 C/C++ 规控 规控算法 深度学习 算法工程化经验 DLP 端到端 Python,https://www.zhipin.com/job_detail/f254a8287850d84f1Hxy3t21GVBQ.html
具身智能遥操算法实习生,北京正行创新科技,300-500元/天,北京·海淀区·五道口,北京,本科,,,boss,深度学习 大模型算法 图像算法 规控算法 多模态算法 Python,深度学习 大模型算法 图像算法 规控算法 多模态算法 Python,https://www.zhipin.com/job_detail/21fa55ad63a6c4e20nB92N61F1RS.html
规控算法工程师,踏歌智行,26-50K·15薪,北京·海淀区·学院路,北京,本科,3-5年,,boss,规控算法 无人驾驶,规控算法 无人驾驶,https://www.zhipin.com/job_detail/fea073262926a1e103J82t21EldX.html
机器人底盘规控算法工程师,第五纪,30-45K·15薪,北京·海淀区·中关村,北京,本科,3-5年,,boss,机器人 底盘 规控 AGV 轮式,机器人 底盘 规控 AGV 轮式,https://www.zhipin.com/job_detail/4ce047b6b301326d0nB43du0EVZY.html
规控算法工程师-北京-智驾矿山场景,某大型知名专用设备公司,35-65K·15薪,北京,北京,硕士,3-5年,,boss,规划算法 控制算法 智驾 规控 自动驾驶 无人驾驶,规划算法 控制算法 智驾 规控 自动驾驶 无人驾驶,https://www.zhipin.com/job_detail/0b1b28e64e701d180nJ-29W-GFJW.html
PNP规控模型算法工程师/专家,北京酷睿程科技,40-70K,北京·海淀区·西北旺,北京,本科,经验不限,,boss,深度学习 强化学习 规控算法 C/C++ Python,深度学习 强化学习 规控算法 C/C++ Python,https://www.zhipin.com/job_detail/916c52fe4a4c747e0nJ409y4EVBQ.html
感知 规控 定位负责人,某大型汽车研发制造公司,70-100K·14薪,北京,北京,本科,经验不限,,boss,强化学习 规控算法 C/C++,强化学习 规控算法 C/C++,https://www.zhipin.com/job_detail/3e44e8894929df9503Jz29u_FlpR.html
机器人规控算法工程师,某中型人工智能机器人公司,70-100K·16薪,北京,北京,本科,1-3年,,boss,C/C++ 算法工程化经验 发表算法相关优秀论文 优秀开源项目经历 路径规划 ROS 工程能力 控制算法 局部规划,C/C++ 算法工程化经验 发表算法相关优秀论文 优秀开源项目经历 路径规划 ROS 工程能力 控制算法 局部规划,https://www.zhipin.com/job_detail/5e1af15648959d240nFz39y-FVpS.html
规控算法,塔米智能,25-40K,北京·海淀区·苏州街,北京,本科,3-5年,,boss,研究导向 智能驾驶 C/C++ 计算机相关专业 数学/统计相关专业 机器学习算法/工程化经验 规控算法 ROS2,研究导向 智能驾驶 C/C++ 计算机相关专业 数学/统计相关专业 机器学习算法/工程化经验 规控算法 ROS2,https://www.zhipin.com/job_detail/a1558c021f66af2c1HN82dS5FVpQ.html
机器人规控软件工程师,银河通用机器人,30-50K·14薪,北京·海淀区·苏州桥,北京,本科,5-10年,,boss,C++ 嵌入式软件经验 Linux开发/部署经验,C++ 嵌入式软件经验 Linux开发/部署经验,https://www.zhipin.com/job_detail/09268fc28a3032290nV_29u8FVBY.html
具身智能方向招聘,荣耀,40-70K·16薪,上海·浦东新区·张江,上海,本科,经验不限,,boss,大模型算法 规控算法 融合感知算法 多模态算法 C/C++ 具身智能 人形机器人 机械臂 灵巧手,大模型算法 规控算法 融合感知算法 多模态算法 C/C++ 具身智能 人形机器人 机械臂 灵巧手,https://www.zhipin.com/job_detail/bf0e1d202f0f8d8b03Zz2t-5E1BW.html
算法工程师（规控方向）,拼多多集团-PDD,30-60K,上海·长宁区·中山公园,上海,学历不限,经验不限,,boss,深度学习 机器学习 大模型算法 强化学习 规控算法 运筹优化算法 C/C++ Python Java 嵌入式开发 并行计算,深度学习 机器学习 大模型算法 强化学习 规控算法 运筹优化算法 C/C++ Python Java 嵌入式开发 并行计算,https://www.zhipin.com/job_detail/86ef543e3ee50cd00nJ43NS4F1RZ.html
规控评测工程师,极豆车联网,14-17K,上海·闵行区·虹桥,上海,本科,1-3年,,boss,Python TensorFlow PostgreSQL 规控 智驾,Python TensorFlow PostgreSQL 规控 智驾,https://www.zhipin.com/job_detail/d668efbe0a079eec0nF409i9EFZW.html
泊车/规控算法高级工程师,某大型汽车研发/制造公司,40-70K·15薪,上海,上海,本科,经验不限,,boss,泊车算法 规控算法 智能驾驶算法,泊车算法 规控算法 智能驾驶算法,https://www.zhipin.com/job_detail/df2c48995f4778030nFz39q6FlVY.html
规控算法工程师,赛那德机器人有限公司,40-70K·13薪,上海·嘉定区·南翔,上海,本科,经验不限,,boss,规控算法,规控算法,https://www.zhipin.com/job_detail/9048562405d57a950nF62Nq8GFNS.html
规控算法  （北  上   广  苏）,某大型计算机软件公司,60-80K·14薪,上海,上海,硕士,3-5年,,boss,规控算法 纵向控制,规控算法 纵向控制,https://www.zhipin.com/job_detail/4214b5ab4ace71730nB839S_GVJV.html
大模型算法,引望,25-50K·15薪,上海·浦东新区·金桥,上海,本科,,,boss,机器学习 深度学习 大模型算法 强化学习 图像算法 规控算法 多模态算法 融合感知算法 模型加速/性能优化 C/C++ Python 并行计算 分布式训练 算法工程化经验 发表算法相关优秀论文,机器学习 深度学习 大模型算法 强化学习 图像算法 规控算法 多模态算法 融合感知算法 模型加速/性能优化 C/C++ Python 并行计算 分布式训练 算法工程化经验 发表算法相关优秀论文,https://www.zhipin.com/job_detail/fa17f2a6125c4ee10nFy3d64ElFT.html
规控算法工程师,天目鑫望技术有限公司,25-50K,上海·静安区·静安寺,上海,本科,3-5年,,boss,C/C++ 路径规划、避障规划 规控算法 车载行业和产品 深度学习 算法工程化经验 多场景作业策略 运动控制算法 ROS/ROS2 Python,C/C++ 路径规划、避障规划 规控算法 车载行业和产品 深度学习 算法工程化经验 多场景作业策略 运动控制算法 ROS/ROS2 Python,https://www.zhipin.com/job_detail/22dc764c4a66c0480nJ539W4FFFR.html
规控评测工程师,中科创达,19-21K,上海·闵行区·虹桥,上海,大专,1-3年,,boss,自动驾驶 规控算法 算法评测 Python,自动驾驶 规控算法 算法评测 Python,https://www.zhipin.com/job_detail/7f752d183162704c0nF52N-9ElBW.html
路径规控算法,北京某大型智能硬件上市公司,25-50K·13薪,上海,上海,本科,3-5年,,boss,ROS,ROS,https://www.zhipin.com/job_detail/a8e4c1b50bc3c7c50nZ_09m1EVdQ.html
规控算法工程师（行车/泊车方向）,成都天府智华科技,35-60K·15薪,上海·普陀区·曹杨,上海,硕士,3-5年,,boss,MPC 泊车 规控 控制 决策 强化学习 行车,MPC 泊车 规控 控制 决策 强化学习 行车,https://www.zhipin.com/job_detail/d52ceccdd1b200f80nB_3N-0E1FS.html
机器人规控算法工程师,智元机器人,30-50K·15薪,上海·浦东新区·康桥,上海,硕士,1-3年,,boss,规控算法 算法工程化经验,规控算法 算法工程化经验,https://www.zhipin.com/job_detail/37faa2116f52720b0nB_3dW6GVZU.html
规控算法工程师（北京/上海）,某大型知名汽车研发上市公司,30-60K·15薪,上海,上海,本科,经验不限,,boss,规划 控制,规划 控制,https://www.zhipin.com/job_detail/732499c488e6d52f0nJ529y6EVBW.html
测试-规控方向,南京予芯,12-18K,上海·嘉定区·嘉定镇,上海,大专,3-5年,,boss,智驾功能测试 Python,智驾功能测试 Python,https://www.zhipin.com/job_detail/739426edd346ff160nJ509i_EVFT.html
规控算法工程师,晶泰科技XtalPi,50-80K·15薪,上海·浦东新区·康桥,上海,硕士,经验不限,,boss,力控 规控,力控 规控,https://www.zhipin.com/job_detail/d222058191c5d1d30nJ72tW8EVJW.html
规控算法,某大型汽车智能网联公司,40-60K,上海,上海,本科,5-10年,,boss,智驾 商用车 乘用车 轨迹规划 行为规划 运动控制 车辆控制,智驾 商用车 乘用车 轨迹规划 行为规划 运动控制 车辆控制,https://www.zhipin.com/job_detail/017f7b480a63178a0nFy2di_EVBR.html
机器人规控算法工程师（机械臂/灵巧手）,北京擎仓机器人科技,30-60K,上海·徐汇区·漕河泾,上海,硕士,3-5年,,boss,机器学习 大模型算法 强化学习 规控算法,机器学习 大模型算法 强化学习 规控算法,https://www.zhipin.com/job_detail/918926689bf2f2d20nF52N2-GFNT.html
规控算法工程师,吾燃技术,35000-50000元/月,上海·徐汇区·田林,上海,硕士,5-10年,,boss,机器人 运动控制 机械臂 抓取 力控柔顺控制 运控 运动控制算法,机器人 运动控制 机械臂 抓取 力控柔顺控制 运控 运动控制算法,https://www.zhipin.com/job_detail/a5dac8891645a2280nZ80920GFpV.html
规控算法开发,浙江某大型汽车研发/制造公司,25-50K·15薪,上海,上海,本科,5-10年,,boss,规控算法 决策规划 轨迹规划 控制算法 自动驾驶 ADAS L2/L3/L4 城市NOA,规控算法 决策规划 轨迹规划 控制算法 自动驾驶 ADAS L2/L3/L4 城市NOA,https://www.zhipin.com/job_detail/b79516ad24572ac10nF60tq5EVtS.html
规控算法工程师,木蚁机器人,18-35K,上海·浦东新区·康桥,上海,本科,1-3年,,boss,控制 决策 规划,控制 决策 规划,https://www.zhipin.com/job_detail/d7da2d78bdd127ab1XN53tW1E1FY.html
感知、规控端到端、数据闭环、自动标注,某大型汽车电子上市公司,35-65K·15薪,上海,上海,本科,3-5年,,boss,感知端到端 规控端到端 数据闭环、数据挖掘 自动标注、数据平台 感知/预测/决策规划 机器学习、强化学习 横纵向控制算法 基座模型、生成重建,感知端到端 规控端到端 数据闭环、数据挖掘 自动标注、数据平台 感知/预测/决策规划 机器学习、强化学习 横纵向控制算法 基座模型、生成重建,https://www.zhipin.com/job_detail/9f883421b079a83e0nd_2tu7EFFZ.html
导航与规控算法工程师（上层导航规划）,上海的骏科技有限公司,10-15K·13薪,上海·金山区·石化,上海,本科,3-5年,,boss,规控算法 SLAM算法 嵌入式开发,规控算法 SLAM算法 嵌入式开发,https://www.zhipin.com/job_detail/48917b2359cf334a0nF-2NS5ElpX.html
规控算法工程师-控制方向,上海某中型新能源汽车公司,50-80K,上海,上海,硕士,3-5年,,boss,Python,Python,https://www.zhipin.com/job_detail/8eaf316116ecff240nJ52tS1EVZQ.html
规控算法工程师,北京某小型智能航空装备公司,45-55K,上海,上海,硕士,经验不限,,boss,规控算法 特种车辆 自动驾驶,规控算法 特种车辆 自动驾驶,https://www.zhipin.com/job_detail/bbfe84bcb2aa57e40nB609u5GVFX.html
人形机器人规控算法工程师（地点open）,某中型人工智能机器人公司,50-80K·15薪,上海,上海,硕士,3-5年,,boss,嵌入式技术 分布式技术,嵌入式技术 分布式技术,https://www.zhipin.com/job_detail/79eea2dc5f18f1030nFy2t28GFRW.html
行车规控-控制算法岗,吉利研究院,20-40K·14薪,上海·青浦区·徐泾,上海,本科,经验不限,,boss,C++ 算法设计,C++ 算法设计,https://www.zhipin.com/job_detail/fef928831f9d619f1XV82Nq9FFVW.html
机器人规控算法工程师,某通用设备公司,40-70K·15薪,上海,上海,硕士,经验不限,,boss,规控算法 图像算法 深度学习 多模态算法 算法工程化经验 Mujoco、Gazebo C/C++ 动力学控制 多自由度机械臂规划 强化学习 多传感器 FK/IK算法 Python,规控算法 图像算法 深度学习 多模态算法 算法工程化经验 Mujoco、Gazebo C/C++ 动力学控制 多自由度机械臂规划 强化学习 多传感器 FK/IK算法 Python,https://www.zhipin.com/job_detail/d06db3f7c296128b0nRy2ti0FFdV.html
自动驾驶规控算法实习生（可转正）,零一汽车,300-400元/天,上海·闵行区·虹桥,上海,硕士,,,boss,路径规划算法 控制算法 仿真评测 Linux ROS C++ 自动驾驶 规划控制,路径规划算法 控制算法 仿真评测 Linux ROS C++ 自动驾驶 规划控制,https://www.zhipin.com/job_detail/a25996d1ff5b633b03173dm0EFFU.html
【秋招/实习均可】自动驾驶规控算法工程师,华为技术有限公司,30-40K,上海·青浦区·金泽,上海,本科,,,boss,深度学习 机器学习 大模型算法 强化学习 图像算法 规控算法 语音算法 自然语言处理算法 搜索算法 C/C++,深度学习 机器学习 大模型算法 强化学习 图像算法 规控算法 语音算法 自然语言处理算法 搜索算法 C/C++,https://www.zhipin.com/job_detail/d2fd58084fb966aa0nF92tu5FVZR.html
自动驾驶规控算法工程师,华为,25-50K·16薪,上海·浦东新区·金桥,上海,本科,经验不限,,boss,自动驾驶 数据闭环 fsd AI 端到端 e2e 大模型 深度学习算法,自动驾驶 数据闭环 fsd AI 端到端 e2e 大模型 深度学习算法,https://www.zhipin.com/job_detail/862caeb3a00aebe01nZ429W7GVRW.html
规控算法工程师,有星科技,30000-60000元/月,上海·闵行区·七宝,上海,硕士,3-5年,,boss,规控算法 智能驾驶 导航 避障 路径规划,规控算法 智能驾驶 导航 避障 路径规划,https://www.zhipin.com/job_detail/8181fd74d4af00490nZy3tW1E1pW.html
机械臂/运动控制/规控算法总监,上海某中型智能物流分拣设备公司,60-80K·15薪,上海,上海,本科,5-10年,,boss,机械臂 机器人 运动控制 运动学 算法 建模 urdf,机械臂 机器人 运动控制 运动学 算法 建模 urdf,https://www.zhipin.com/job_detail/3fafd5fac071133c0nZz39S1E1RS.html
规控算法工程师/专家（时空联合决策规划）,哈啰普惠,40-70K·15薪,上海,上海,本科,3-5年,,boss,规控算法 深度学习 大模型算法 算法工程化经验 融合感知算法 优秀开源项目经历 SQL 发表算法相关优秀论文 C/C++ Shell 机器学习 强化学习 参加算法相关竞赛/获奖 SLAM算法 模型加速/性能优化 Python,规控算法 深度学习 大模型算法 算法工程化经验 融合感知算法 优秀开源项目经历 SQL 发表算法相关优秀论文 C/C++ Shell 机器学习 强化学习 参加算法相关竞赛/获奖 SLAM算法 模型加速/性能优化 Python,https://www.zhipin.com/job_detail/f10c9c85f80ce8fb03N-0tW5GVNW.html
规控算法工程师,文远知行,25-50K·15薪,广州·海珠区·官洲,广州,本科,经验不限,,boss,C++ Linux开发/部署经验 A* D* DWA RRT ros,C++ Linux开发/部署经验 A* D* DWA RRT ros,https://www.zhipin.com/job_detail/9161edb5a0e8c4a20ndz3dS7FFVT.html
智驾算法专家/架构师（感知、规控、定位）,三一重工,80-110K·16薪,广州·海珠区·琶洲,广州,本科,经验不限,,boss,自动驾驶 规控算法 分布式训练 深度学习 大模型算法 大数据处理框架(Spark/Hadoop/Hive) 算法工程化经验 L4 智驾 融合感知算法 发表算法相关优秀论文 C/C++ 机器学习 无人驾驶 参加算法相关竞赛/获奖 SLAM算法 Python,自动驾驶 规控算法 分布式训练 深度学习 大模型算法 大数据处理框架(Spark/Hadoop/Hive) 算法工程化经验 L4 智驾 融合感知算法 发表算法相关优秀论文 C/C++ 机器学习 无人驾驶 参加算法相关竞赛/获奖 SLAM算法 Python,https://www.zhipin.com/job_detail/8ba95ccb548849bc0nB_0ti6EFNR.html
规控算法,问果智能,10-15K,广州·天河区·林和,广州,本科,3-5年,,boss,C++ C QT OpenGL Linux开发/部署经验 上位机开发经验,C++ C QT OpenGL Linux开发/部署经验 上位机开发经验,https://www.zhipin.com/job_detail/de6c1286ef7cf51b1HF-29u7E1VU.html
规控算法工程师,快马速达,10-15K,广州·白云区·白云大道,广州,本科,经验不限,,boss,规控算法 C++ Python Apollo Autoware Openpilot,规控算法 C++ Python Apollo Autoware Openpilot,https://www.zhipin.com/job_detail/19e47610b89a1150031z3dm6EFRU.html
AR引擎算法工程师,华为,20-40K·16薪,广州·白云区·金沙洲,广州,本科,,,boss,Java 规控算法 图像算法 深度学习 大模型算法 多模态算法 其他 融合感知算法 C/C++ 机器学习 强化学习 SLAM算法 Python,Java 规控算法 图像算法 深度学习 大模型算法 多模态算法 其他 融合感知算法 C/C++ 机器学习 强化学习 SLAM算法 Python,https://www.zhipin.com/job_detail/fca8f01d44cb3ee20nJ63N29FFdW.html
规控算法工程师,智飞科技,12-20K,广州·黄埔区·小新塘,广州,本科,1-3年,,boss,发表算法相关优秀论文 C/C++ 团队管理经验 规控算法 图像算法 深度学习 算法工程化经验 参加算法相关竞赛/获奖 优秀开源项目经历 Python,发表算法相关优秀论文 C/C++ 团队管理经验 规控算法 图像算法 深度学习 算法工程化经验 参加算法相关竞赛/获奖 优秀开源项目经历 Python,https://www.zhipin.com/job_detail/8c2dc52407e3bd710nZy2ty-F1pY.html
规控算法工程师 （路径&运动控制,番高领航,45-65K,广州·南沙区·大涌,广州,本科,3-5年,,boss,运动控制 路径规划,运动控制 路径规划,https://www.zhipin.com/job_detail/ccd704d61dcdbc000nF73t-7GFJX.html
规控算法实习生,星程智能,200-250元/天,广州·黄埔区·科学城,广州,本科,,,boss,C/C++ 智能驾驶 机器学习算法/工程化经验 TensorFlow/PyTorch 计算机相关专业 深度学习经验 业务导向 Python,C/C++ 智能驾驶 机器学习算法/工程化经验 TensorFlow/PyTorch 计算机相关专业 深度学习经验 业务导向 Python,https://www.zhipin.com/job_detail/7ddec9032710fbdc1X1y0tm6GFdZ.html
base深圳 _规控算法工程师,芯辰远航,25-40K·13薪,广州·天河区·天河北,广州,本科,1-3年,,boss,C/C++ 规控算法 算法工程化经验 参加算法相关竞赛/获奖,C/C++ 规控算法 算法工程化经验 参加算法相关竞赛/获奖,https://www.zhipin.com/job_detail/2adae308333aaf3e0nF63tm0E1ZR.html
规控算法工程师（大小周）,广州蓝海机器人系统,20-30K,广州·花都区·炭步,广州,本科,1-3年,,boss,C/C++ 机器学习 规控算法 融合感知算法 SLAM算法 嵌入式开发,C/C++ 机器学习 规控算法 融合感知算法 SLAM算法 嵌入式开发,https://www.zhipin.com/job_detail/f5879d54db9c0a360nF_3d--GVBX.html
移动机器人算法工程师（规控方向）,大湾区国创中心,15-30K·15薪,广州,广州,硕士,3-5年,,boss,发表算法相关优秀论文 C/C++ 移动机器人 规控算法 Linux 算法工程化经验 轨迹优化 ROS2 优秀开源项目经历 Python 路径规划,发表算法相关优秀论文 C/C++ 移动机器人 规控算法 Linux 算法工程化经验 轨迹优化 ROS2 优秀开源项目经历 Python 路径规划,https://www.zhipin.com/job_detail/b571dd535d26ff490nF439-6GVNW.html
大模型算法,贝乐美,8-12K,广州·白云区·嘉禾,广州,本科,1-3年,,boss,大模型算法 图像算法 规控算法 自然语言处理算法 C/C++ Python MATLAB SQL Shell 优秀开源项目经历,大模型算法 图像算法 规控算法 自然语言处理算法 C/C++ Python MATLAB SQL Shell 优秀开源项目经历,https://www.zhipin.com/job_detail/f92c8ce5f996b7b80nB53Nm6FFBW.html
规控算法,某大型汽车零部件上市公司,30-35K·17薪,广州,广州,本科,5-10年,,boss,实车调试 纵向控制 横向控制 C++ 鲁棒性 路径规划 轨迹生成 车辆动力学建模,实车调试 纵向控制 横向控制 C++ 鲁棒性 路径规划 轨迹生成 车辆动力学建模,https://www.zhipin.com/job_detail/2aff84cc9241777a0nd50tm7EFdU.html
规控/VSLAM算法工程师（准上市/期权激励）,菲亚兰德,23-40K·13薪,广州·越秀区·区庄,广州,本科,3-5年,,boss,规控算法 SLAM算法,规控算法 SLAM算法,https://www.zhipin.com/job_detail/ddfafacc5142c18803Z83tu6F1tT.html
规控算法工程师,广州申迪,30-40K,广州,广州,硕士,5-10年,,boss,C/C++ 规控算法 大模型算法 SLAM算法,C/C++ 规控算法 大模型算法 SLAM算法,https://www.zhipin.com/job_detail/f0054060127cc63503152t61FFJU.html
算法工程师,医健网络科技,500-1000元/时,广州·黄埔区·开发东区,广州,本科,3-5年,,boss,大模型算法 推荐算法 运筹优化算法 自然语言处理算法 规控算法 Python SQL 算法工程化经验,大模型算法 推荐算法 运筹优化算法 自然语言处理算法 规控算法 Python SQL 算法工程化经验,https://www.zhipin.com/job_detail/0a3781685c2d2d660nB609y-F1BZ.html
自动驾驶算法工程师,北京千曙科技有限公司,20-40K·16薪,广州·黄埔区·大沙,广州,本科,,,boss,C/C++ 机器学习 规控算法 深度学习 大模型算法 融合感知算法 Python,C/C++ 机器学习 规控算法 深度学习 大模型算法 融合感知算法 Python,https://www.zhipin.com/job_detail/6a43727d460ede55031z3tq1GVVW.html
飞行控制算法工程师,星鲸科技,8-13K,广州·番禺区·新造,广州,本科,1-3年,,boss,深度学习 机器学习 强化学习 规控算法 SLAM算法 多模态算法 融合感知算法 C/C++ MATLAB 并行计算 嵌入式开发 mavlink mission Planner QGC mavsdk,深度学习 机器学习 强化学习 规控算法 SLAM算法 多模态算法 融合感知算法 C/C++ MATLAB 并行计算 嵌入式开发 mavlink mission Planner QGC mavsdk,https://www.zhipin.com/job_detail/5be8b25a94f246251HF52tm5F1tY.html
人工智能工程师 / AI工程师,哼哈互动,15-20K,广州·番禺区·南村,广州,大专,1-3年,,boss,机器学习 强化学习 深度学习 大模型算法 图像算法 自然语言处理算法 搜索算法 规控算法 Java Python 并行计算 优秀开源项目经历 算法工程化经验,机器学习 强化学习 深度学习 大模型算法 图像算法 自然语言处理算法 搜索算法 规控算法 Java Python 并行计算 优秀开源项目经历 算法工程化经验,https://www.zhipin.com/job_detail/20f80fcfd30774000nR83tW7E1dV.html
人工智能工程师 / AI工程师,巨优电子,10-15K,广州·海珠区·江南中,广州,本科,经验不限,,boss,机器学习 深度学习 强化学习 大模型算法 规控算法 自然语言处理算法 广告算法 推荐算法 搜索算法 Python Java 算法工程化经验 优秀开源项目经历,机器学习 深度学习 强化学习 大模型算法 规控算法 自然语言处理算法 广告算法 推荐算法 搜索算法 Python Java 算法工程化经验 优秀开源项目经历,https://www.zhipin.com/job_detail/e0c52992cd185205031639y-E1pW.html
AI 算法工程师（能源/量化方向）,鑫达源电力,15-23K,广州·黄埔区·科学城,广州,本科,1-3年,,boss,虚拟电厂(VPP) 数学建模 规控算法 运筹优化算法 分布式训练 深度学习 大模型算法 自然语言处理算法 算法工程化经验 优秀开源项目经历 SQL C/C++ Shell 时间序列预测 机器学习 气象算法 负荷预测 强化学习 参加算法相关竞赛/获奖 Python 电力现货交易,虚拟电厂(VPP) 数学建模 规控算法 运筹优化算法 分布式训练 深度学习 大模型算法 自然语言处理算法 算法工程化经验 优秀开源项目经历 SQL C/C++ Shell 时间序列预测 机器学习 气象算法 负荷预测 强化学习 参加算法相关竞赛/获奖 Python 电力现货交易,https://www.zhipin.com/job_detail/b5688d6653d6be460nV42di-EFNV.html
机器视觉工程师,拓璞集团,13-18K,广州·花都区·北兴,广州,大专,3-5年,,boss,机器学习 规控算法 运筹优化算法 大模型算法 大数据处理框架(Spark/Hadoop/Hive) 算法工程化经验,机器学习 规控算法 运筹优化算法 大模型算法 大数据处理框架(Spark/Hadoop/Hive) 算法工程化经验,https://www.zhipin.com/job_detail/9f2cc9ad4ab2e0110nFz0t27FlNX.html
AI工程师,亚新精密,15-16K,广州·海珠区·琶洲,广州,大专,3-5年,,boss,规控算法 图像算法 深度学习 大模型算法 多模态算法 算法工程化经验 强化学习 数据挖掘 大数据处理工具(Spark/Hadoop/Hive) 推荐算法 Python SQL,规控算法 图像算法 深度学习 大模型算法 多模态算法 算法工程化经验 强化学习 数据挖掘 大数据处理工具(Spark/Hadoop/Hive) 推荐算法 Python SQL,https://www.zhipin.com/job_detail/4935ca32ef003fb90nBy39W6F1RR.html
算法工程师（外骨骼）,视源股份(CVTE),20-35K·13薪,广州·黄埔区·科学城,广州,本科,3-5年,,boss,C/C++ Java 机器学习 规控算法 深度学习 大模型算法 强化学习 其他 融合感知算法 MATLAB Python,C/C++ Java 机器学习 规控算法 深度学习 大模型算法 强化学习 其他 融合感知算法 MATLAB Python,https://www.zhipin.com/job_detail/1bad39fe775dfff50nR739y1GVFR.html
规控算法工程师（具身 场景明确）,某知名企业,40-60K·15薪,广州,广州,硕士,5-10年,,boss,目标行为预测 HMM 路径规划算法 Dijkstra RRT A*,目标行为预测 HMM 路径规划算法 Dijkstra RRT A*,https://www.zhipin.com/job_detail/55ee6e6a33de59970nFz3dm0GVVZ.html
移动机器人算法工程师（规控方向）,广州某中型工业软件公司,40-50K·15薪,广州,广州,硕士,5-10年,,boss,机器人,机器人,https://www.zhipin.com/job_detail/e9fdd2d8dbfa3dc90nBy3tm1ElJV.html
算法工程师-base佛山,美云智数,16-18K,广州·番禺区·清河东路,广州,大专,3-5年,,boss,规控算法 图像算法 深度学习 大模型算法 多模态算法 大数据处理框架(Spark/Hadoop/Hive) MATLAB 推荐算法 SQL,规控算法 图像算法 深度学习 大模型算法 多模态算法 大数据处理框架(Spark/Hadoop/Hive) MATLAB 推荐算法 SQL,https://www.zhipin.com/job_detail/21d37b7d7795d1a00nZ_0928E1VZ.html
导航规控算法资深工程师,广东某大型家用电器上市公司,45-65K,广州,广州,本科,5-10年,,boss,智能割草机 扫地机器人 路径规划 机器人路径规划 服务机器人 智能驾驶 导航定位 算法平台搭建,智能割草机 扫地机器人 路径规划 机器人路径规划 服务机器人 智能驾驶 导航定位 算法平台搭建,https://www.zhipin.com/job_detail/1da0838d845b1b860nF53tS0GFJY.html
算法研发工程师,瑞多思医疗,10-15K,广州·黄埔区·科学城,广州,本科,经验不限,,boss,深度学习 机器学习 图像算法 模型加速/性能优化 C/C++ Python 算法工程化经验 参加算法相关竞赛/获奖 物理计算 医学图像分割 高性能计算,深度学习 机器学习 图像算法 模型加速/性能优化 C/C++ Python 算法工程化经验 参加算法相关竞赛/获奖 物理计算 医学图像分割 高性能计算,https://www.zhipin.com/job_detail/9ffe15b7c98569e00nZz0965GFpR.html
ai工程师,众可装饰设计有限公司,20-21K,广州·番禺区·祈福,广州,本科,3-5年,,boss,大模型算法 图像算法 规控算法 多模态算法 C/C++ Python Java 大数据处理框架(Spark/Hadoop/Hive) 分布式训练 算法工程化经验,大模型算法 图像算法 规控算法 多模态算法 C/C++ Python Java 大数据处理框架(Spark/Hadoop/Hive) 分布式训练 算法工程化经验,https://www.zhipin.com/job_detail/a93ca6ab25e8e7010nV72dS5E1VY.html
AI工程师,广州市齐悦思励信...,6-10K·14薪,广州·天河区·体育中心,广州,本科,1-3年,,boss,大模型算法 规控算法 广告算法 推荐算法 算法工程化经验 参加算法相关竞赛/获奖 团队管理经验 Typescript AI+Agent,大模型算法 规控算法 广告算法 推荐算法 算法工程化经验 参加算法相关竞赛/获奖 团队管理经验 Typescript AI+Agent,https://www.zhipin.com/job_detail/8ef2431d226384ac0nV72tu4GFVU.html
X实验室算法工程师,千方科技,20-40K,广州·黄埔区·大沙,广州,本科,经验不限,,boss,规控算法 图像算法 运筹优化算法 深度学习 大模型算法 大数据处理框架(Spark/Hadoop/Hive) 算法工程化经验 融合感知算法 并行计算 嵌入式开发 优秀开源项目经历 发表算法相关优秀论文 C/C++ 机器学习 强化学习 参加算法相关竞赛/获奖 SLAM算法 Python,规控算法 图像算法 运筹优化算法 深度学习 大模型算法 大数据处理框架(Spark/Hadoop/Hive) 算法工程化经验 融合感知算法 并行计算 嵌入式开发 优秀开源项目经历 发表算法相关优秀论文 C/C++ 机器学习 强化学习 参加算法相关竞赛/获奖 SLAM算法 Python,https://www.zhipin.com/job_detail/37f9e02f6d77e5b403x62NW9ElVS.html
规控算法工程师,沈阳汇智优才科技,25-50K,广州·番禺区·石楼,广州,本科,3-5年,,boss,大模型算法 规控算法 C/C++,大模型算法 规控算法 C/C++,https://www.zhipin.com/job_detail/442182aa957c39930nZ52d66FFdX.html
大模型算法实习生,雷米高动物营养保健,200-400元/天,广州·白云区·永泰,广州,硕士,,,boss,发表算法相关优秀论文 语音算法 C/C++ 提供转正机会 接受实习/在校生投递 规控算法 深度学习 大模型算法 多模态算法 算法工程化经验 参加算法相关竞赛/获奖 Python,发表算法相关优秀论文 语音算法 C/C++ 提供转正机会 接受实习/在校生投递 规控算法 深度学习 大模型算法 多模态算法 算法工程化经验 参加算法相关竞赛/获奖 Python,https://www.zhipin.com/job_detail/35276fa6597070c31Hx73dq1EVFT.html
高级视觉算法工程师,三只熊,10000-50000元/月,广州·黄埔区·大沙,广州,学历不限,5-10年,,boss,语音算法 规控算法 图像算法 深度学习 大模型算法 自然语言处理算法 多模态算法 大数据处理框架(Spark/Hadoop/Hive) 算法工程化经验 MATLAB 嵌入式开发 C/C++ 机器学习 强化学习 Python,语音算法 规控算法 图像算法 深度学习 大模型算法 自然语言处理算法 多模态算法 大数据处理框架(Spark/Hadoop/Hive) 算法工程化经验 MATLAB 嵌入式开发 C/C++ 机器学习 强化学习 Python,https://www.zhipin.com/job_detail/ac8c1c74608701b003d43d26EFFY.html
人形机器人运动控制工程师,海川机器人,15-30K,广州·从化区·温泉,广州,本科,3-5年,,boss,深度学习 机器学习 大模型算法 强化学习 规控算法 算法工程化经验,深度学习 机器学习 大模型算法 强化学习 规控算法 算法工程化经验,https://www.zhipin.com/job_detail/3fc6bbd83918a7090nJ53tm7GVpS.html
室内感知算法工程师（初中级）,赛特智能,18-30K,广州,广州,本科,经验不限,,boss,规控算法 图像算法 大模型算法 算法工程化经验 融合感知算法 SLAM算法 Python,规控算法 图像算法 大模型算法 算法工程化经验 融合感知算法 SLAM算法 Python,https://www.zhipin.com/job_detail/45edc8ee2edf32cb0nFy0t67F1JU.html
机器人运动控制算法工程师,巨身智能,20-21K,广州·花都区·雅瑶,广州,本科,1-3年,,boss,发表算法相关优秀论文 C/C++ 机器学习 规控算法 深度学习 大模型算法 自然语言处理算法 算法工程化经验 强化学习 参加算法相关竞赛/获奖 推荐算法 Python,发表算法相关优秀论文 C/C++ 机器学习 规控算法 深度学习 大模型算法 自然语言处理算法 算法工程化经验 强化学习 参加算法相关竞赛/获奖 推荐算法 Python,https://www.zhipin.com/job_detail/36bc34633b1b26d80nd92d-8EFpY.html
ai算法工程师,浩鲸科技,13-17K,广州·黄埔区·东圃,广州,本科,3-5年,,boss,Java 规控算法 图像算法 深度学习 cad 大模型算法 算法工程化经验 广告算法 推荐算法 多模态大模型微调 C/C++ 机器学习 nlp和时序算法或cad 视觉算法  c++ 编程语言的能力 Python,Java 规控算法 图像算法 深度学习 cad 大模型算法 算法工程化经验 广告算法 推荐算法 多模态大模型微调 C/C++ 机器学习 nlp和时序算法或cad 视觉算法  c++ 编程语言的能力 Python,https://www.zhipin.com/job_detail/dbbe1306b4e7c4a30nF_2dS8FFtQ.html
CV大模型算法,知一数据,8-9K,广州·黄埔区·大沙,广州,本科,1-3年,,boss,深度学习 大模型算法 图像算法 自然语言处理算法 规控算法 推荐算法 并行计算 算法工程化经验,深度学习 大模型算法 图像算法 自然语言处理算法 规控算法 推荐算法 并行计算 算法工程化经验,https://www.zhipin.com/job_detail/a4a021c32756aa4d0nJ-29S8GVRQ.html
智驾算法,腾讯,80-110K·16薪,广州·海珠区·赤岗,广州,本科,5-10年,,boss,大模型算法 多模态算法 参加算法相关竞赛/获奖 端到端 世界模型 VLA,大模型算法 多模态算法 参加算法相关竞赛/获奖 端到端 世界模型 VLA,https://www.zhipin.com/job_detail/5a752a5b09ba171c0nB40t26GFVZ.html
嵌入式算法工程师,广州木月鸟医疗门诊,12-20K,广州·天河区·石牌,广州,本科,3-5年,,boss,大模型算法 融合感知算法 多模态算法 规控算法 语音算法 风控算法 并行计算 C/C++ 嵌入式开发 算法工程化经验,大模型算法 融合感知算法 多模态算法 规控算法 语音算法 风控算法 并行计算 C/C++ 嵌入式开发 算法工程化经验,https://www.zhipin.com/job_detail/e5ab28839c0c35900nd82tS6EFJY.html
机器人算法实习生,云纵科技,150-250元/天,广州·番禺区·大学城,广州,本科,,,boss,C/C++ 文档编写 规控算法 ROS 算法工程化经验 强化学习 SLAM算法 Python Gazebo仿真经验,C/C++ 文档编写 规控算法 ROS 算法工程化经验 强化学习 SLAM算法 Python Gazebo仿真经验,https://www.zhipin.com/job_detail/77580d7229ed0f8f03x50926EVJR.html
视频编解码算法工程师,马栏山音视频实验室,25-50K·15薪,广州·海珠区·琶洲,广州,硕士,经验不限,,boss,大模型算法 机器学习 深度学习 图像算法 规控算法 自然语言处理算法 C/C++ Python Java,大模型算法 机器学习 深度学习 图像算法 规控算法 自然语言处理算法 C/C++ Python Java,https://www.zhipin.com/job_detail/1dc4d9f2ec3ed62c03N_2dm_E1ZT.html
农业人工智能算法研究岗,省现代农业装备研究院,20-25K,广州·天河区·五山,广州,博士,1-3年,,boss,深度学习 机器学习 大模型算法 强化学习 图像算法 规控算法 运筹优化算法 SLAM算法 Shell Scala 算法工程化经验 发表算法相关优秀论文 参加算法相关竞赛/获奖 团队管理经验 优秀开源项目经历,深度学习 机器学习 大模型算法 强化学习 图像算法 规控算法 运筹优化算法 SLAM算法 Shell Scala 算法工程化经验 发表算法相关优秀论文 参加算法相关竞赛/获奖 团队管理经验 优秀开源项目经历,https://www.zhipin.com/job_detail/f6094fa8d279c13703V529m9F1tT.html
机械臂机器人控制算法工程师,广州某中型工业人工智能公司,60-90K,广州,广州,本科,5-10年,,boss,机器学习 规控算法 多模态算法 参加算法相关竞赛/获奖 MPC WPC 力控 sim2real 轨迹规划,机器学习 规控算法 多模态算法 参加算法相关竞赛/获奖 MPC WPC 力控 sim2real 轨迹规划,https://www.zhipin.com/job_detail/606a9694c6624c040nBy09-8EFRW.html
AI大数据算法工程师,博士科技,15-30K,广州·黄埔区·大沙,广州,本科,1-3年,,boss,大模型算法 自然语言处理算法 推荐算法 搜索算法 Python Java,大模型算法 自然语言处理算法 推荐算法 搜索算法 Python Java,https://www.zhipin.com/job_detail/df918b970cc056d60nd-39u7FFZQ.html
大模型算法工程师,新数聚,7-12K,广州·天河区·体育中心,广州,本科,经验不限,,boss,语音算法 图像算法 运筹优化算法 分布式训练 深度学习 大模型算法 自然语言处理算法 多模态算法 大数据处理框架(Spark/Hadoop/Hive) 算法工程化经验 优秀开源项目经历 发表算法相关优秀论文 机器学习 强化学习 参加算法相关竞赛/获奖 Python,语音算法 图像算法 运筹优化算法 分布式训练 深度学习 大模型算法 自然语言处理算法 多模态算法 大数据处理框架(Spark/Hadoop/Hive) 算法工程化经验 优秀开源项目经历 发表算法相关优秀论文 机器学习 强化学习 参加算法相关竞赛/获奖 Python,https://www.zhipin.com/job_detail/fc76d47a99600a0003173tm6FFVV.html
H91605岗运控算法工程师,武汉佰钧成技术,11-22K,广州,广州,本科,1-3年,,boss,机器学习 规控算法 多模态算法 C/C++ Python 运控算法 机器人,机器学习 规控算法 多模态算法 C/C++ Python 运控算法 机器人,https://www.zhipin.com/job_detail/ba0ae5202d82e5a00nJ40ty5EVRV.html
机器人控制算法工程师,斯睿特,30-50K·13薪,广州·黄埔区·中心城,广州,本科,1-3年,,boss,机器学习 规控算法 嵌入式开发 分布式训练,机器学习 规控算法 嵌入式开发 分布式训练,https://www.zhipin.com/job_detail/e11daab60baa61600nF_2Ni5FldY.html
MATLAB工程师,沈阳秋雅教育咨询,200-300元/时,广州·越秀区·流花,广州,硕士,1-3年,,boss,C/C++ Java 机器学习 规控算法 图像算法 深度学习 大模型算法 自然语言处理算法 MATLAB Python,C/C++ Java 机器学习 规控算法 图像算法 深度学习 大模型算法 自然语言处理算法 MATLAB Python,https://www.zhipin.com/job_detail/6f8f332ec886c49b031y2t69EFJQ.html
大模型算法工程师,拓保软件,14-21K,广州·黄埔区·大沙,广州,本科,3-5年,,boss,深度学习 机器学习 大模型算法 强化学习 多模态算法 模型加速/性能优化 图像算法 运筹优化算法 SLAM算法 Java Python 大数据处理框架(Spark/Hadoop/Hive) SQL 算法工程化经验 优秀开源项目经历,深度学习 机器学习 大模型算法 强化学习 多模态算法 模型加速/性能优化 图像算法 运筹优化算法 SLAM算法 Java Python 大数据处理框架(Spark/Hadoop/Hive) SQL 算法工程化经验 优秀开源项目经历,https://www.zhipin.com/job_detail/a9702931d06274ff0nJ729S7F1RY.html
全栈算法工程师,广州至索科技有限公司,6-11K,广州·天河区·车陂,广州,本科,经验不限,,boss,Java 规控算法 图像算法 分布式训练 深度学习 大模型算法 自然语言处理算法 多模态算法 算法工程化经验 优秀开源项目经历 推荐算法 SQL C/C++ 机器学习 强化学习 Python,Java 规控算法 图像算法 分布式训练 深度学习 大模型算法 自然语言处理算法 多模态算法 算法工程化经验 优秀开源项目经历 推荐算法 SQL C/C++ 机器学习 强化学习 Python,https://www.zhipin.com/job_detail/f254feb623c07eb703F70t64GFdW.html
机器人规控工程师,深圳韦特嘉视觉,200-250元/天,深圳,深圳,本科,,,boss,机器学习 大模型算法 强化学习 规控算法 C/C++ Python 算法工程化经验 ROS 仿真 运动控制,机器学习 大模型算法 强化学习 规控算法 C/C++ Python 算法工程化经验 ROS 仿真 运动控制,https://www.zhipin.com/job_detail/b1e43546abfbe8b60nJ42Ny1FVBX.html
具身智能方向招聘,荣耀,40-70K·16薪,深圳·福田区·梅林,深圳,本科,经验不限,,boss,大模型算法 融合感知算法 规控算法 多模态算法 C/C++ 具身智能 人形机器人 机械臂 灵巧手,大模型算法 融合感知算法 规控算法 多模态算法 C/C++ 具身智能 人形机器人 机械臂 灵巧手,https://www.zhipin.com/job_detail/ce79ef3cb4d44b1603Zz2t-4ElJR.html
规控算法,深圳某中型激光测距与光机电一体化技术公司,45-75K·18薪,深圳,深圳,硕士,经验不限,,boss,机器人 智驾 算法 运动控制算法 导航算法 决策算法 规划算法 定位算法,机器人 智驾 算法 运动控制算法 导航算法 决策算法 规划算法 定位算法,https://www.zhipin.com/job_detail/a567f24214c786bc0nB42dW-EVFV.html
自动驾驶规控算法工程师,中环储越,25-45K,深圳·坪山区·坪山,深圳,本科,3-5年,,boss,规控算法工程师 规控算法 自动驾驶 智能驾驶 NPC,规控算法工程师 规控算法 自动驾驶 智能驾驶 NPC,https://www.zhipin.com/job_detail/f69d7165536b11970nJ40tm-GFNZ.html
规控算法工程师（预测）,上海某中型人工智能无人驾驶环卫设备研发公司,25-40K,深圳,深圳,本科,3-5年,,boss,机器人 轨迹预测,机器人 轨迹预测,https://www.zhipin.com/job_detail/750154a1c813b9a40nJ539-5FFJU.html
具身智能规控算法工程师,某大型知名互联网公司,50-80K,深圳,深圳,硕士,5-10年,,boss,ros 规控 规划控制 轨迹预测 自动驾驶 智能驾驶 无人驾驶,ros 规控 规划控制 轨迹预测 自动驾驶 智能驾驶 无人驾驶,https://www.zhipin.com/job_detail/da2450171b0bd9290nB-2dq4EFRZ.html
规控算法工程师,某大型知名环保上市公司,30-60K,深圳,深圳,学历不限,经验不限,,boss,汽车 技术总监 规控算法 C++ A* Hybrid A*,汽车 技术总监 规控算法 C++ A* Hybrid A*,https://www.zhipin.com/job_detail/605bd150e0cc486a0nJ62921FFdR.html
规控算法工程师-深圳-割草机器人,某中型智能硬件公司,30-40K·18薪,深圳,深圳,本科,3-5年,,boss,C/C++ 扫地机 割草 路径规模,C/C++ 扫地机 割草 路径规模,https://www.zhipin.com/job_detail/9a1c2f9b9c21a4980nB809i6ElVV.html
自动驾驶规控算法工程师（PNC）,半儒商贸,20-40K·14薪,深圳·南山区·科技园,深圳,本科,1-3年,,boss,规控算法,规控算法,https://www.zhipin.com/job_detail/9b8faad53e3ae6d00nFz29i9FlNU.html
AI工程师,深圳市知合趣搭文...,30-50K·14薪,深圳·福田区·石厦,深圳,本科,1-3年,,boss,规控算法 图像算法 分布式训练 深度学习 自然语言处理算法 并行计算 嵌入式开发 推荐算法 C/C++ 机器学习 强化学习 SLAM算法 Python,规控算法 图像算法 分布式训练 深度学习 自然语言处理算法 并行计算 嵌入式开发 推荐算法 C/C++ 机器学习 强化学习 SLAM算法 Python,https://www.zhipin.com/job_detail/be5740b2d6ab31cd0nF73dW4F1tT.html
规控算法工程师,豪恩汽车电子,18-35K,深圳·龙华区·大浪,深圳,本科,3-5年,,boss,规控算法 横纵向控制,规控算法 横纵向控制,https://www.zhipin.com/job_detail/6cdc8ff705a359061HV40t27EFJS.html
大模型算法,北京软通动力云计...,12-20K,深圳·龙岗区·坂田,深圳,本科,3-5年,,boss,机器学习 深度学习 大模型算法 多模态算法 AI算法 RAG 大模型 SLAM算法 推荐算法 模型加速/性能优化 Python,机器学习 深度学习 大模型算法 多模态算法 AI算法 RAG 大模型 SLAM算法 推荐算法 模型加速/性能优化 Python,https://www.zhipin.com/job_detail/0eece699b933c8480nFz3Nm_ElJQ.html
规控算法,深圳灵制科技有限公司,15-20K,深圳·南山区·前海,深圳,本科,3-5年,,boss,互联网/AI,互联网/AI,https://www.zhipin.com/job_detail/1ff86bfd4006f6b60nF609W-GFtS.html
规控算法,优庭科技,20-30K,深圳·龙岗区·坂田,深圳,本科,1-3年,,boss,路径规划 算法 C++ C语言 ROS,路径规划 算法 C++ C语言 ROS,https://www.zhipin.com/job_detail/9a7db31fb217c8411X163NS4E1VY.html
规控算法,深圳某小型智能硬件/消费电子公司,40-60K,深圳,深圳,本科,5-10年,,boss,深度学习 大模型算法 强化学习 规控算法 运筹优化算法 推荐算法 SLAM算法 多模态算法 C/C++ Python 算法工程化经验 组合导航算法 IMU/GPS经验 INS导航算法,深度学习 大模型算法 强化学习 规控算法 运筹优化算法 推荐算法 SLAM算法 多模态算法 C/C++ Python 算法工程化经验 组合导航算法 IMU/GPS经验 INS导航算法,https://www.zhipin.com/job_detail/4de0973f9b9220d70nJ62du5FVNU.html
规控算法工程师（头部大厂）,深圳某大型智能硬件/消费电子上市公司,45-70K·16薪,深圳,深圳,本科,经验不限,,boss,扫地机 割草机 路径规划 运动控制,扫地机 割草机 路径规划 运动控制,https://www.zhipin.com/job_detail/c98c751e2f07c6700nJ539S7FVZY.html
算法工程师（融合定位、SLAM、感知、规控）,亚特电器,25-50K·14薪,深圳·南山区·科技园,深圳,本科,5-10年,,boss,机器人 规控算法 图像算法 割草机 深度学习 自然语言处理算法 算法工程化经验 融合感知算法 嵌入式开发 C/C++ 机器学习 SLAM算法 Python,机器人 规控算法 图像算法 割草机 深度学习 自然语言处理算法 算法工程化经验 融合感知算法 嵌入式开发 C/C++ 机器学习 SLAM算法 Python,https://www.zhipin.com/job_detail/c121c2d79f65fd9a0nF43dy6F1ZR.html
规控算法高工,某大型汽车电子上市公司,30-45K·14薪,深圳,深圳,本科,3-5年,,boss,规控算法 车载系统 C++,规控算法 车载系统 C++,https://www.zhipin.com/job_detail/c139cfcf62e5ad620nd60tW-EFZT.html
机器人规控算法工程师,某中型人工智能触觉传感与具身智能公司,30-60K·15薪,深圳,深圳,本科,5-10年,,boss,VLA 真机部署 Sim2Real 灵巧手操作,VLA 真机部署 Sim2Real 灵巧手操作,https://www.zhipin.com/job_detail/9f3a151dd80894f70ndy29u7ElFX.html
算法工程师（感知规控）-惠州,亿纬锂能/锂电池,25-40K·14薪,深圳·南山区·科技园,深圳,硕士,3-5年,,boss,自动驾驶 机器人 规控 智能制造 感知,自动驾驶 机器人 规控 智能制造 感知,https://www.zhipin.com/job_detail/bf04d3ee28bfbc2403J729i_FVdR.html
规控算法工程师（扫地机）,亿道集团,25-50K·13薪,深圳·宝安区·西乡,深圳,本科,3-5年,,boss,规控算法 算法工程化经验 扫地机 清洁机器人 运动控制算法,规控算法 算法工程化经验 扫地机 清洁机器人 运动控制算法,https://www.zhipin.com/job_detail/4f118527d502ad820nF82tS6FlBS.html
算法工程师（14个方向，请看JD）(J11250),奥比中光,20-30K·14薪,深圳·南山区·科技园,深圳,硕士,,,boss,点云算法 SLAM算法 三维重建 融合感知算法 C/C++ 发表算法相关优秀论文 参加算法相关竞赛/获奖 切片 规控 校招,点云算法 SLAM算法 三维重建 融合感知算法 C/C++ 发表算法相关优秀论文 参加算法相关竞赛/获奖 切片 规控 校招,https://www.zhipin.com/job_detail/1df59b95aa21007e0nJ42t6-FVdS.html
算法开发工程师 周末双休,中软国际,12-15K,深圳·南山区·科技园,深圳,本科,3-5年,,boss,规控算法 分布式训练 算法服务工程开发 大模型算法 算法工程化经验 模型训练相关语料构建 风控算法 SQL 模型服务开发 Linux后台服务开发 具备Prompt工程能力 模型加速/性能优化 Python,规控算法 分布式训练 算法服务工程开发 大模型算法 算法工程化经验 模型训练相关语料构建 风控算法 SQL 模型服务开发 Linux后台服务开发 具备Prompt工程能力 模型加速/性能优化 Python,https://www.zhipin.com/job_detail/2db951b5cc72ed2e0nd42du0ElVW.html
AEBS规控算法工程师,中天安驰,25-50K,深圳·南山区·科技园,深圳,本科,5-10年,,boss,规控算法 商用车 AEBS ADAS,规控算法 商用车 AEBS ADAS,https://www.zhipin.com/job_detail/96fa51b391233c490nBy2Nm7EFZV.html
机器人算法(视觉、决策、规控、SLAM、具身,深圳某大型智能硬件公司,100-200K·15薪,深圳,深圳,硕士,5-10年,,boss,自动驾驶 扫地机 感知 规控 SLAM VLM 具身 机器人,自动驾驶 扫地机 感知 规控 SLAM VLM 具身 机器人,https://www.zhipin.com/job_detail/510ffcec11b02d880nB439i0FlZW.html
规控算法工程师,上海优泉,20-35K·14薪,深圳·龙华区·龙华,深圳,本科,3-5年,,boss,割草机器人 ros ros2 C++/python,割草机器人 ros ros2 C++/python,https://www.zhipin.com/job_detail/e223f2f1922cec1c0nJ529u0FFBU.html
规控算法工程师,深圳某大型智能硬件/消费电子上市公司,40-70K·18薪,深圳,深圳,硕士,5-10年,,boss,规控算法 建图算法 感知算法,规控算法 建图算法 感知算法,https://www.zhipin.com/job_detail/a5154337bd9336420nF629q4EFpS.html
规控算法工程师,乐动机器人,25-50K,深圳·南山区·西丽,深圳,本科,3-5年,,boss,IMU 组合导航 运动控制 A* 捷联惯导 路径规划,IMU 组合导航 运动控制 A* 捷联惯导 路径规划,https://www.zhipin.com/job_detail/08481a3ca2e7e8651HZ93t26FlRX.html
规控算法工程师（扫地机器人）,银星智能,30-45K·13薪,深圳·龙华区·观澜,深圳,本科,3-5年,,boss,规控算法 C/C++,规控算法 C/C++,https://www.zhipin.com/job_detail/82840454bad7f8820nF63du6FlJZ.html
规控算法实习生-灵犀,智元机器人,300-400元/天,深圳·南山区·科技园,深圳,硕士,,,boss,C++,C++,https://www.zhipin.com/job_detail/6e92b6d484926cc60nF-3N26EVtW.html
规控算法工程师,来牟科技,30-60K·14薪,深圳·南山区·科技园,深圳,硕士,经验不限,,boss,机器人 规划决策算法 规控 ROS C++ 智驾,机器人 规划决策算法 规控 ROS C++ 智驾,https://www.zhipin.com/job_detail/4b6e0fca436f63620nJ63N-1F1NW.html
